id,mimeType,createdAt
img_avatar_alice00,image/png,2025-01-01 00:00:00
img_avatar_bob01,image/png,2025-01-01 00:00:00
img_avatar_carol02,image/png,2025-01-01 00:00:00
img_avatar_dave03,image/png,2025-01-01 00:00:00
img_avatar_eve04,image/png,2025-01-01 00:00:00
img_avatar_frank05,image/png,2025-01-01 00:00:00
img_avatar_grace06,image/png,2025-01-01 00:00:00
img_avatar_hank07,image/png,2025-01-01 00:00:00
img_avatar_iris08,image/png,2025-01-01 00:00:00
img_avatar_jack09,image/png,2025-01-01 00:00:00
img_avatar_karen10,image/png,2025-01-01 00:00:00
img_avatar_leo11,image/png,2025-01-01 00:00:00
img_avatar_mona12,image/png,2025-01-01 00:00:00
img_avatar_neil13,image/png,2025-01-01 00:00:00
img_avatar_olivia14,image/png,2025-01-01 00:00:00
img_avatar_pete15,image/png,2025-01-01 00:00:00
img_avatar_quinn16,image/png,2025-01-01 00:00:00
img_avatar_rose17,image/png,2025-01-01 00:00:00
img_avatar_sam18,image/png,2025-01-01 00:00:00
img_avatar_tara19,image/png,2025-01-01 00:00:00
img_avatar_uma20,image/png,2025-01-01 00:00:00
img_avatar_vince21,image/png,2025-01-01 00:00:00
img_avatar_wendy22,image/png,2025-01-01 00:00:00
img_avatar_xander23,image/png,2025-01-01 00:00:00
img_avatar_yara24,image/png,2025-01-01 00:00:00
img_avatar_zoe25,image/png,2025-01-01 00:00:00
img_avatar_aiden26,image/png,2025-01-01 00:00:00
img_avatar_bella27,image/png,2025-01-01 00:00:00
img_avatar_carlos28,image/png,2025-01-01 00:00:00
img_avatar_diana29,image/png,2025-01-01 00:00:00
img_avatar_ethan30,image/png,2025-01-01 00:00:00
img_avatar_fiona31,image/png,2025-01-01 00:00:00
img_avatar_george32,image/png,2025-01-01 00:00:00
img_avatar_hana33,image/png,2025-01-01 00:00:00
img_avatar_ivan34,image/png,2025-01-01 00:00:00
img_avatar_julia35,image/png,2025-01-01 00:00:00
img_avatar_kevin36,image/png,2025-01-01 00:00:00
img_avatar_laura37,image/png,2025-01-01 00:00:00
img_avatar_mike38,image/png,2025-01-01 00:00:00
img_avatar_nina39,image/png,2025-01-01 00:00:00
img_avatar_oscar40,image/png,2025-01-01 00:00:00
img_avatar_priya41,image/png,2025-01-01 00:00:00
img_avatar_raj42,image/png,2025-01-01 00:00:00
img_avatar_sara43,image/png,2025-01-01 00:00:00
img_avatar_tom44,image/png,2025-01-01 00:00:00
img_avatar_ursula45,image/png,2025-01-01 00:00:00
img_avatar_victor46,image/png,2025-01-01 00:00:00
img_avatar_willa47,image/png,2025-01-01 00:00:00
img_avatar_xavier48,image/png,2025-01-01 00:00:00
img_avatar_yuki49,image/png,2025-01-01 00:00:00
img_avatar_zach50,image/png,2025-01-01 00:00:00
img_avatar_amira51,image/png,2025-01-01 00:00:00
img_avatar_bruno52,image/png,2025-01-01 00:00:00
img_avatar_cleo53,image/png,2025-01-01 00:00:00
img_avatar_dina54,image/png,2025-01-01 00:00:00
img_city_paris,image/jpeg,2024-06-01 00:00:00
img_city_rome,image/jpeg,2024-06-01 00:00:00
img_city_tokyo,image/jpeg,2024-06-01 00:00:00
img_city_new_york,image/jpeg,2024-06-01 00:00:00
img_city_bangkok,image/jpeg,2024-06-01 00:00:00
img_city_barcelona,image/jpeg,2024-06-01 00:00:00
img_city_bali,image/jpeg,2024-06-01 00:00:00
img_city_amsterdam,image/jpeg,2024-06-01 00:00:00
img_city_sydney,image/jpeg,2024-06-01 00:00:00
img_city_dubai,image/jpeg,2024-06-01 00:00:00
img_city_istanbul,image/jpeg,2024-06-01 00:00:00
img_city_prague,image/jpeg,2024-06-01 00:00:00
img_city_lisbon,image/jpeg,2024-06-01 00:00:00
img_city_singapore,image/jpeg,2024-06-01 00:00:00
img_city_cape_town,image/jpeg,2024-06-01 00:00:00
img_city_mexico_city,image/jpeg,2024-06-01 00:00:00
img_city_cairo,image/jpeg,2024-06-01 00:00:00
img_city_buenos_aires,image/jpeg,2024-06-01 00:00:00
img_city_vienna,image/jpeg,2024-06-01 00:00:00
img_city_seoul,image/jpeg,2024-06-01 00:00:00
img_city_marrakech,image/jpeg,2024-06-01 00:00:00
img_city_kyoto,image/jpeg,2024-06-01 00:00:00
img_city_london,image/jpeg,2024-06-01 00:00:00
img_city_zurich,image/jpeg,2024-06-01 00:00:00
img_city_copenhagen,image/jpeg,2024-06-01 00:00:00
img_city_vancouver,image/jpeg,2024-06-01 00:00:00
img_city_reykjavik,image/jpeg,2024-06-01 00:00:00
img_city_athens,image/jpeg,2024-06-01 00:00:00
img_city_budapest,image/jpeg,2024-06-01 00:00:00
img_city_ho_chi_minh_city,image/jpeg,2024-06-01 00:00:00
img_city_havana,image/jpeg,2024-06-01 00:00:00
img_city_nairobi,image/jpeg,2024-06-01 00:00:00
img_city_lima,image/jpeg,2024-06-01 00:00:00
img_city_edinburgh,image/jpeg,2024-06-01 00:00:00
img_city_porto,image/jpeg,2024-06-01 00:00:00
img_city_florence,image/jpeg,2024-06-01 00:00:00
img_city_seville,image/jpeg,2024-06-01 00:00:00
img_city_dubrovnik,image/jpeg,2024-06-01 00:00:00
img_city_tallinn,image/jpeg,2024-06-01 00:00:00
img_city_warsaw,image/jpeg,2024-06-01 00:00:00
img_city_krakow,image/jpeg,2024-06-01 00:00:00
img_city_bruges,image/jpeg,2024-06-01 00:00:00
img_city_salzburg,image/jpeg,2024-06-01 00:00:00
img_city_bergen,image/jpeg,2024-06-01 00:00:00
img_city_ljubljana,image/jpeg,2024-06-01 00:00:00
img_city_bratislava,image/jpeg,2024-06-01 00:00:00
img_city_ghent,image/jpeg,2024-06-01 00:00:00
img_city_riga,image/jpeg,2024-06-01 00:00:00
img_city_vilnius,image/jpeg,2024-06-01 00:00:00
img_city_valletta,image/jpeg,2024-06-01 00:00:00
img_city_nicosia,image/jpeg,2024-06-01 00:00:00
img_city_tbilisi,image/jpeg,2024-06-01 00:00:00
img_city_yerevan,image/jpeg,2024-06-01 00:00:00
img_city_almaty,image/jpeg,2024-06-01 00:00:00
img_city_tashkent,image/jpeg,2024-06-01 00:00:00
img_act_001,image/jpeg,2025-01-15 00:00:00
img_act_002,image/jpeg,2025-01-15 00:00:00
img_act_003,image/jpeg,2025-01-15 00:00:00
img_act_004,image/jpeg,2025-01-15 00:00:00
img_act_005,image/jpeg,2025-01-15 00:00:00
img_act_006,image/jpeg,2025-01-15 00:00:00
img_act_007,image/jpeg,2025-01-15 00:00:00
img_act_008,image/jpeg,2025-01-15 00:00:00
img_act_009,image/jpeg,2025-01-15 00:00:00
img_act_010,image/jpeg,2025-01-15 00:00:00
img_act_011,image/jpeg,2025-01-15 00:00:00
img_act_012,image/jpeg,2025-01-15 00:00:00
img_act_013,image/jpeg,2025-01-15 00:00:00
img_act_014,image/jpeg,2025-01-15 00:00:00
img_act_015,image/jpeg,2025-01-15 00:00:00
img_act_016,image/jpeg,2025-01-15 00:00:00
img_act_017,image/jpeg,2025-01-15 00:00:00
img_act_018,image/jpeg,2025-01-15 00:00:00
img_act_019,image/jpeg,2025-01-15 00:00:00
img_act_020,image/jpeg,2025-01-15 00:00:00
img_act_021,image/jpeg,2025-01-15 00:00:00
img_act_022,image/jpeg,2025-01-15 00:00:00
img_act_023,image/jpeg,2025-01-15 00:00:00
img_act_024,image/jpeg,2025-01-15 00:00:00
img_act_025,image/jpeg,2025-01-15 00:00:00
img_act_026,image/jpeg,2025-01-15 00:00:00
img_act_027,image/jpeg,2025-01-15 00:00:00
img_act_028,image/jpeg,2025-01-15 00:00:00
img_act_029,image/jpeg,2025-01-15 00:00:00
img_act_030,image/jpeg,2025-01-15 00:00:00
img_act_031,image/jpeg,2025-01-15 00:00:00
img_act_032,image/jpeg,2025-01-15 00:00:00
img_act_033,image/jpeg,2025-01-15 00:00:00
img_act_034,image/jpeg,2025-01-15 00:00:00
img_act_035,image/jpeg,2025-01-15 00:00:00
img_act_036,image/jpeg,2025-01-15 00:00:00
img_act_037,image/jpeg,2025-01-15 00:00:00
img_act_038,image/jpeg,2025-01-15 00:00:00
img_act_039,image/jpeg,2025-01-15 00:00:00
img_act_040,image/jpeg,2025-01-15 00:00:00
img_act_041,image/jpeg,2025-01-15 00:00:00
img_act_042,image/jpeg,2025-01-15 00:00:00
img_act_043,image/jpeg,2025-01-15 00:00:00
img_act_044,image/jpeg,2025-01-15 00:00:00
img_act_045,image/jpeg,2025-01-15 00:00:00
img_act_046,image/jpeg,2025-01-15 00:00:00
img_act_047,image/jpeg,2025-01-15 00:00:00
img_act_048,image/jpeg,2025-01-15 00:00:00
img_act_049,image/jpeg,2025-01-15 00:00:00
img_act_050,image/jpeg,2025-01-15 00:00:00
img_act_051,image/jpeg,2025-01-15 00:00:00
img_act_052,image/jpeg,2025-01-15 00:00:00
img_act_053,image/jpeg,2025-01-15 00:00:00
img_act_054,image/jpeg,2025-01-15 00:00:00
img_act_055,image/jpeg,2025-01-15 00:00:00
img_trip_001,image/jpeg,2025-01-15 00:00:00
img_trip_002,image/jpeg,2025-01-15 00:00:00
img_trip_003,image/jpeg,2025-01-15 00:00:00
img_trip_004,image/jpeg,2025-01-15 00:00:00
img_trip_005,image/jpeg,2025-01-15 00:00:00
img_trip_006,image/jpeg,2025-01-15 00:00:00
img_trip_007,image/jpeg,2025-01-15 00:00:00
img_trip_008,image/jpeg,2025-01-15 00:00:00
img_trip_009,image/jpeg,2025-01-15 00:00:00
img_trip_010,image/jpeg,2025-01-15 00:00:00
img_trip_011,image/jpeg,2025-01-15 00:00:00
img_trip_012,image/jpeg,2025-01-15 00:00:00
img_trip_013,image/jpeg,2025-01-15 00:00:00
img_trip_014,image/jpeg,2025-01-15 00:00:00
img_trip_015,image/jpeg,2025-01-15 00:00:00
img_trip_016,image/jpeg,2025-01-15 00:00:00
img_trip_017,image/jpeg,2025-01-15 00:00:00
img_trip_018,image/jpeg,2025-01-15 00:00:00
img_trip_019,image/jpeg,2025-01-15 00:00:00
img_trip_020,image/jpeg,2025-01-15 00:00:00
img_trip_021,image/jpeg,2025-01-15 00:00:00
img_trip_022,image/jpeg,2025-01-15 00:00:00
img_trip_023,image/jpeg,2025-01-15 00:00:00
img_trip_024,image/jpeg,2025-01-15 00:00:00
img_trip_025,image/jpeg,2025-01-15 00:00:00
img_trip_026,image/jpeg,2025-01-15 00:00:00
img_trip_027,image/jpeg,2025-01-15 00:00:00
img_trip_028,image/jpeg,2025-01-15 00:00:00
img_trip_029,image/jpeg,2025-01-15 00:00:00
img_trip_030,image/jpeg,2025-01-15 00:00:00
img_trip_031,image/jpeg,2025-01-15 00:00:00
img_trip_032,image/jpeg,2025-01-15 00:00:00
img_trip_033,image/jpeg,2025-01-15 00:00:00
img_trip_034,image/jpeg,2025-01-15 00:00:00
img_trip_035,image/jpeg,2025-01-15 00:00:00
img_trip_036,image/jpeg,2025-01-15 00:00:00
img_trip_037,image/jpeg,2025-01-15 00:00:00
img_trip_038,image/jpeg,2025-01-15 00:00:00
img_trip_039,image/jpeg,2025-01-15 00:00:00
img_trip_040,image/jpeg,2025-01-15 00:00:00
img_trip_041,image/jpeg,2025-01-15 00:00:00
img_trip_042,image/jpeg,2025-01-15 00:00:00
img_trip_043,image/jpeg,2025-01-15 00:00:00
img_trip_044,image/jpeg,2025-01-15 00:00:00
img_trip_045,image/jpeg,2025-01-15 00:00:00
img_trip_046,image/jpeg,2025-01-15 00:00:00
img_trip_047,image/jpeg,2025-01-15 00:00:00
img_trip_048,image/jpeg,2025-01-15 00:00:00
img_trip_049,image/jpeg,2025-01-15 00:00:00
img_trip_050,image/jpeg,2025-01-15 00:00:00
img_trip_051,image/jpeg,2025-01-15 00:00:00
img_trip_052,image/jpeg,2025-01-15 00:00:00
img_trip_053,image/jpeg,2025-01-15 00:00:00
img_trip_054,image/jpeg,2025-01-15 00:00:00
img_trip_055,image/jpeg,2025-01-15 00:00:00
