id,email,passwordHash,firstName,lastName,phone,city,country,bio,role,photoId,createdAt
usr_alice00,alice.smith00@travelapp.io,$2b$12$NbrnTP3fAbnFbmOHnKYaXRvj7uff0LYTH8xIZM1JRcoreogrNwwmq,Alice,Smith,+1-899-763-2169,Paris,USA,Passionate traveler. Currently based in Paris.,admin,img_avatar_alice00,2024-11-13 00:00:00
usr_bob01,bob.jones01@travelapp.io,$2b$12$HpCq5QnuVdYXye4JSnE2NiiUHUAKw9iEU1jjQKxKDpI6Qh2UVvsja,Bob,Jones,+1-939-996-5315,Rome,UK,Passionate traveler. Currently based in Rome.,admin,img_avatar_bob01,2025-02-06 00:00:00
usr_carol02,carol.brown02@travelapp.io,$2b$12$VFgM0Fmxk754LEgw9YooJeTY8HhO6kGL75UQSyPx3BpdbIKaRdebu,Carol,Brown,+1-726-343-5562,Tokyo,Germany,Passionate traveler. Currently based in Tokyo.,user,img_avatar_carol02,2025-02-02 00:00:00
usr_dave03,dave.taylor03@travelapp.io,$2b$12$ni6JDWYlgAACTP9gyv1plBArp5B1Id9Z850kEnydx9qWCA79ISjs8,Dave,Taylor,+1-793-853-9883,New York,France,Passionate traveler. Currently based in New York.,user,img_avatar_dave03,2024-10-16 00:00:00
usr_eve04,eve.wilson04@travelapp.io,$2b$12$UdKF0j7elKPoh3pKMzKG5mSoyPstUeC99enq522wjZRL9OaYsP6ih,Eve,Wilson,+1-309-860-3546,Bangkok,India,Passionate traveler. Currently based in Bangkok.,user,img_avatar_eve04,2024-12-09 00:00:00
usr_frank05,frank.davis05@travelapp.io,$2b$12$rnvQ0Fp4dNZcui8kBRIg6QjcwIAcw58cwQPvI28U5okXkzl5WzPTp,Frank,Davis,+1-363-906-2771,Barcelona,Canada,Passionate traveler. Currently based in Barcelona.,user,img_avatar_frank05,2025-01-06 00:00:00
usr_grace06,grace.clark06@travelapp.io,$2b$12$21nYCsXoblu17rNy8H6h8l7qgATtLFxJpRa5HSUPwePut0Sstzysh,Grace,Clark,+1-630-780-7211,Bali,Australia,Passionate traveler. Currently based in Bali.,user,img_avatar_grace06,2024-11-14 00:00:00
usr_hank07,hank.hall07@travelapp.io,$2b$12$MsHarAJOCBnD3XkfFNuYUPnmbpD0ezNmREpOaUVgAk7Gdp0CXP9K6,Hank,Hall,+1-653-727-9270,Amsterdam,Brazil,Passionate traveler. Currently based in Amsterdam.,user,img_avatar_hank07,2025-01-18 00:00:00
usr_iris08,iris.lee08@travelapp.io,$2b$12$ZH3UDqpNVGMrerqtHioRRdzHzmA4KR1VxavU07zUHLnnBbuQzkChM,Iris,Lee,+1-227-503-1444,Sydney,Japan,Passionate traveler. Currently based in Sydney.,user,img_avatar_iris08,2024-10-22 00:00:00
usr_jack09,jack.white09@travelapp.io,$2b$12$NiCdxnuVxUZpfbH9vOWOU6mbjhPInRVkLUhY7gbtP7ySeQMgV0Lh8,Jack,White,+1-242-455-9728,Dubai,Spain,Passionate traveler. Currently based in Dubai.,user,img_avatar_jack09,2025-01-18 00:00:00
usr_karen10,karen.harris10@travelapp.io,$2b$12$PeOaAEAw3CjkGOM5WCZKtp5rBUJPuEuEvqrK2IGlozIoDSBbszpPw,Karen,Harris,+1-766-643-6632,Istanbul,Italy,Passionate traveler. Currently based in Istanbul.,user,img_avatar_karen10,2025-01-17 00:00:00
usr_leo11,leo.martin11@travelapp.io,$2b$12$9IvCtoStU6QlTrKVL8ZswsRhcds6NUgarDv7p1heEJQjY6fpIzKMW,Leo,Martin,+1-589-561-8253,Prague,Mexico,Passionate traveler. Currently based in Prague.,user,img_avatar_leo11,2024-12-16 00:00:00
usr_mona12,mona.thompson12@travelapp.io,$2b$12$19sMLT6mnOjkeaBKsoRRCQ5WMO5AHO4ZektUJrhQR6FEecAtpf7ZJ,Mona,Thompson,+1-221-883-5415,Lisbon,Netherlands,Passionate traveler. Currently based in Lisbon.,user,img_avatar_mona12,2025-02-25 00:00:00
usr_neil13,neil.garcia13@travelapp.io,$2b$12$cUDO4lKNEfvuP1uRr6YICtu8zF9OHzlwUMVmI5BRh8LojIIf94ChZ,Neil,Garcia,+1-710-833-5781,Singapore,Sweden,Passionate traveler. Currently based in Singapore.,user,img_avatar_neil13,2025-02-08 00:00:00
usr_olivia14,olivia.martinez14@travelapp.io,$2b$12$RzDDCilLUieV0vWqaTZJO1BEuVx518ox1ztD4x9XOj7h7ug0g4ai1,Olivia,Martinez,+1-358-176-8692,Cape Town,USA,Passionate traveler. Currently based in Cape Town.,user,img_avatar_olivia14,2024-12-07 00:00:00
usr_pete15,pete.robinson15@travelapp.io,$2b$12$uQO001xtSV2ceN59UAgN2BR4cXsxjGJXke1Mo4iCppaX3QjBvKNAp,Pete,Robinson,+1-509-303-7302,Mexico City,UK,Passionate traveler. Currently based in Mexico City.,user,img_avatar_pete15,2025-02-01 00:00:00
usr_quinn16,quinn.lewis16@travelapp.io,$2b$12$gxwsRbZya1W84UZ3WoXnlpUVQigMcWcwi4uzmW2wFqk467s1XDeUn,Quinn,Lewis,+1-892-841-7511,Cairo,Germany,Passionate traveler. Currently based in Cairo.,user,img_avatar_quinn16,2025-02-20 00:00:00
usr_rose17,rose.walker17@travelapp.io,$2b$12$wXaHCPPKY6gob2I4ndZ4szi6sEg3iCPU6zUjzgEz6cwB61gQH8wyl,Rose,Walker,+1-325-968-8450,Buenos Aires,France,Passionate traveler. Currently based in Buenos Aires.,user,img_avatar_rose17,2024-10-24 00:00:00
usr_sam18,sam.allen18@travelapp.io,$2b$12$PNLbWphJeVmn1uj3a1iipkObaWoukdTGUDWFgF6cW1GC7dDyQE4ef,Sam,Allen,+1-822-251-2076,Vienna,India,Passionate traveler. Currently based in Vienna.,user,img_avatar_sam18,2024-11-02 00:00:00
usr_tara19,tara.young19@travelapp.io,$2b$12$rNHu9GCLgR0OVSnBovCzfAPxj5eZffTYIKIuhvPU1S8LvJnOng0wV,Tara,Young,+1-787-331-8030,Seoul,Canada,Passionate traveler. Currently based in Seoul.,user,img_avatar_tara19,2025-02-21 00:00:00
usr_uma20,uma.hernandez20@travelapp.io,$2b$12$8YMNb5ZqlRtva1JyiNbUnAvwSWJfdjMPqPEBqUhArQEPcyLasnipu,Uma,Hernandez,+1-207-609-8055,Marrakech,Australia,Passionate traveler. Currently based in Marrakech.,user,img_avatar_uma20,2024-11-14 00:00:00
usr_vince21,vince.king21@travelapp.io,$2b$12$iHoIPvyUBCetAzNrz7k6CQwBgBye1UnWeNGmWv7OjgpkjVe6MCIJQ,Vince,King,+1-778-758-6295,Kyoto,Brazil,Passionate traveler. Currently based in Kyoto.,user,img_avatar_vince21,2024-12-20 00:00:00
usr_wendy22,wendy.wright22@travelapp.io,$2b$12$jeBsrdFtCdZe11MFCIX3BYOtDjdg3vSFkpBBGjxrzuLWOefQrSO42,Wendy,Wright,+1-541-183-3317,London,Japan,Passionate traveler. Currently based in London.,user,img_avatar_wendy22,2024-12-29 00:00:00
usr_xander23,xander.scott23@travelapp.io,$2b$12$tOPhRfINuhR694fPFbt6vVl9jsWFHTGP2MLjlQM3ScwS8LUWoo7W4,Xander,Scott,+1-398-476-8218,Zurich,Spain,Passionate traveler. Currently based in Zurich.,user,img_avatar_xander23,2025-01-27 00:00:00
usr_yara24,yara.green24@travelapp.io,$2b$12$VWFzkmL2dDx5SFhfjBFZf4Y25zyxxfntgSujc4DZVDM4bnj6LAWoh,Yara,Green,+1-444-529-8489,Copenhagen,Italy,Passionate traveler. Currently based in Copenhagen.,user,img_avatar_yara24,2024-10-17 00:00:00
usr_zoe25,zoe.adams25@travelapp.io,$2b$12$g4KbFpiAMozPf8eGF9IyDN8pbWvTMVTucHYkWCRNYdWCscmc5F9Hp,Zoe,Adams,+1-971-762-4131,Vancouver,Mexico,Passionate traveler. Currently based in Vancouver.,user,img_avatar_zoe25,2024-12-13 00:00:00
usr_aiden26,aiden.nelson26@travelapp.io,$2b$12$wW1uhw3U3x8EE5GXTeLYHteOtLAQvc1v9r86eNwXQ7iLWceWwxJLQ,Aiden,Nelson,+1-579-480-8273,Reykjavik,Netherlands,Passionate traveler. Currently based in Reykjavik.,user,img_avatar_aiden26,2024-10-20 00:00:00
usr_bella27,bella.baker27@travelapp.io,$2b$12$JGyOphTExIqqB9r4Eh0C3BfQ0tveH30S5NXFhmiXbIwXILft9SGVZ,Bella,Baker,+1-275-228-6194,Athens,Sweden,Passionate traveler. Currently based in Athens.,user,img_avatar_bella27,2024-10-19 00:00:00
usr_carlos28,carlos.carter28@travelapp.io,$2b$12$BQv2WNl7A4dhjkuRv630pNIhsHFk6jOSL0IZbcNJOVzNEMr7DXQse,Carlos,Carter,+1-261-261-8202,Budapest,USA,Passionate traveler. Currently based in Budapest.,user,img_avatar_carlos28,2025-01-15 00:00:00
usr_diana29,diana.mitchell29@travelapp.io,$2b$12$EmLtST18iwItCqpgrxMp1juJtVEFEtb6F7nvdE2ODH0A2TVwyJmIe,Diana,Mitchell,+1-716-561-5582,Ho Chi Minh City,UK,Passionate traveler. Currently based in Ho Chi Minh City.,user,img_avatar_diana29,2024-10-31 00:00:00
usr_ethan30,ethan.perez30@travelapp.io,$2b$12$hfx9IwiLyccSXGj3i5tyM0KFFEIDbugzt32NLqO8JodDGSWxYpJRl,Ethan,Perez,+1-651-421-7861,Havana,Germany,Passionate traveler. Currently based in Havana.,user,img_avatar_ethan30,2024-11-08 00:00:00
usr_fiona31,fiona.roberts31@travelapp.io,$2b$12$zmFLD0TRGI9Dx7CHHP1QXqE7rs68VRQEDI5SrJH3yvVjc7e5OUnZq,Fiona,Roberts,+1-775-812-5450,Nairobi,France,Passionate traveler. Currently based in Nairobi.,user,img_avatar_fiona31,2024-11-05 00:00:00
usr_george32,george.turner32@travelapp.io,$2b$12$gTod4noguDQi78jO2DOUrrdVOoT0c5zZ5cZWlU2rcsL5uCNG3iFqY,George,Turner,+1-538-266-8518,Lima,India,Passionate traveler. Currently based in Lima.,user,img_avatar_george32,2024-12-05 00:00:00
usr_hana33,hana.phillips33@travelapp.io,$2b$12$SausPlLNzAuyf8D6axBquKJqwoPCjQ53VQN6wn7DC9xR4UXZVQKWG,Hana,Phillips,+1-740-820-6927,Edinburgh,Canada,Passionate traveler. Currently based in Edinburgh.,user,img_avatar_hana33,2024-10-20 00:00:00
usr_ivan34,ivan.campbell34@travelapp.io,$2b$12$4gZ3mHk0BQSE3BdizIIPtbpaneARHd39DrliNT7x3B4xe72i1h9yh,Ivan,Campbell,+1-428-954-1056,Porto,Australia,Passionate traveler. Currently based in Porto.,user,img_avatar_ivan34,2024-10-06 00:00:00
usr_julia35,julia.parker35@travelapp.io,$2b$12$8CSAxoCjl2VbOM63oeKBP2pcBHUWi9o4JJVYo29GzrIKTkQIcvNxG,Julia,Parker,+1-913-526-7688,Florence,Brazil,Passionate traveler. Currently based in Florence.,user,img_avatar_julia35,2024-11-08 00:00:00
usr_kevin36,kevin.evans36@travelapp.io,$2b$12$slHon1iCdzzGypueBxHZdxLceXKPnm4s4nlTUU4RRyotrCOtw2CXS,Kevin,Evans,+1-979-959-6246,Seville,Japan,Passionate traveler. Currently based in Seville.,user,img_avatar_kevin36,2024-11-22 00:00:00
usr_laura37,laura.edwards37@travelapp.io,$2b$12$wzInjq5JzjuxZEOQpY7NEkXkSE4HNdc06PVz0oRaFxMPMDEaIaGr8,Laura,Edwards,+1-217-614-8054,Dubrovnik,Spain,Passionate traveler. Currently based in Dubrovnik.,user,img_avatar_laura37,2024-11-15 00:00:00
usr_mike38,mike.collins38@travelapp.io,$2b$12$gfjlGYqyxzJ9oQ0O1VfxIdakEAWJ1fGcn13Dce53Ic5t7KUSyekoZ,Mike,Collins,+1-598-793-9856,Tallinn,Italy,Passionate traveler. Currently based in Tallinn.,user,img_avatar_mike38,2024-12-24 00:00:00
usr_nina39,nina.stewart39@travelapp.io,$2b$12$xTXQeUvgoeLMK8uNWBoIxlKxVspeqxWjywf6BVgfAIFgfILW1azWS,Nina,Stewart,+1-772-348-9537,Warsaw,Mexico,Passionate traveler. Currently based in Warsaw.,user,img_avatar_nina39,2024-11-13 00:00:00
usr_oscar40,oscar.morris40@travelapp.io,$2b$12$QkqqjkrsWw6SEMCiay0x1BAZOKsLRDlytTN8WurWw5m9lVbT6mXZe,Oscar,Morris,+1-618-789-9180,Krakow,Netherlands,Passionate traveler. Currently based in Krakow.,user,img_avatar_oscar40,2024-11-05 00:00:00
usr_priya41,priya.rogers41@travelapp.io,$2b$12$NpOSWe9DyF5QHXw3HNfVOwOc8QyU7AaqFGJJByVKFvbgz7h6itCmD,Priya,Rogers,+1-687-199-8178,Bruges,Sweden,Passionate traveler. Currently based in Bruges.,user,img_avatar_priya41,2025-01-24 00:00:00
usr_raj42,raj.reed42@travelapp.io,$2b$12$tsYh0OPk9pkjI7ozlNAbMmKyRmUYdg2luCq1GNLLKv0MYRsMfihsl,Raj,Reed,+1-910-244-9369,Salzburg,USA,Passionate traveler. Currently based in Salzburg.,user,img_avatar_raj42,2025-01-08 00:00:00
usr_sara43,sara.cook43@travelapp.io,$2b$12$zixlNQO9IEitBdwaiY7FEQz0EfbVsrHkCUVIhhWZwZcSH9gZUs9Bv,Sara,Cook,+1-289-549-2923,Bergen,UK,Passionate traveler. Currently based in Bergen.,user,img_avatar_sara43,2024-11-30 00:00:00
usr_tom44,tom.morgan44@travelapp.io,$2b$12$nTQ1LAMWYXJHLk8sJ7F3YiUzdrORijtp0yiNMxeXVyUR2CEK10f8N,Tom,Morgan,+1-914-466-2037,Ljubljana,Germany,Passionate traveler. Currently based in Ljubljana.,user,img_avatar_tom44,2025-02-14 00:00:00
usr_ursula45,ursula.bell45@travelapp.io,$2b$12$y8ZEurHi0W3VcMZb5jC9A942s22fwfPOdMTUAffneKGBavh1RDofX,Ursula,Bell,+1-305-420-7022,Bratislava,France,Passionate traveler. Currently based in Bratislava.,user,img_avatar_ursula45,2024-12-16 00:00:00
usr_victor46,victor.murphy46@travelapp.io,$2b$12$iVUi9iGaOBSMjzQ1fgUKx7tirfILLWQ0OsGFUsd37EgEKG895i1Jw,Victor,Murphy,+1-899-276-8717,Ghent,India,Passionate traveler. Currently based in Ghent.,user,img_avatar_victor46,2024-10-19 00:00:00
usr_willa47,willa.bailey47@travelapp.io,$2b$12$beqcdWFMFzRfHMrtFmYHyNZQeRT0dfACLtTThRRk7GWSkhWq2VbYq,Willa,Bailey,+1-265-369-2262,Riga,Canada,Passionate traveler. Currently based in Riga.,user,img_avatar_willa47,2025-02-05 00:00:00
usr_xavier48,xavier.rivera48@travelapp.io,$2b$12$CwEJwpgJSoFc1pDxj51I4TAtzSqexF3lX87eCr0uIamIsMCKEVm3V,Xavier,Rivera,+1-451-254-1104,Vilnius,Australia,Passionate traveler. Currently based in Vilnius.,user,img_avatar_xavier48,2025-01-13 00:00:00
usr_yuki49,yuki.cooper49@travelapp.io,$2b$12$bHNQauVxTtm8A78irco0z3CUKFNyKdPis05yZuCo6iVggBthwVCC0,Yuki,Cooper,+1-292-261-5984,Valletta,Brazil,Passionate traveler. Currently based in Valletta.,user,img_avatar_yuki49,2024-10-11 00:00:00
usr_zach50,zach.richardson50@travelapp.io,$2b$12$n1jS8ydsYk70IIfgXhdWnmyQ6fK4e9mOYf0Yh6d5ASExAv4rBjMMO,Zach,Richardson,+1-710-521-8848,Nicosia,Japan,Passionate traveler. Currently based in Nicosia.,user,img_avatar_zach50,2024-10-16 00:00:00
usr_amira51,amira.cox51@travelapp.io,$2b$12$fxzNXp9HbxSDWvJtqbLbYrYDwKojpoHXTV6J8y59kotTwKRvJi6ZY,Amira,Cox,+1-704-655-6063,Tbilisi,Spain,Passionate traveler. Currently based in Tbilisi.,user,img_avatar_amira51,2024-11-14 00:00:00
usr_bruno52,bruno.howard52@travelapp.io,$2b$12$EfonGa4miS40ubK4W017x6ygsij6X7Ok8R5WnKktQhT66y97cL57n,Bruno,Howard,+1-779-206-9129,Yerevan,Italy,Passionate traveler. Currently based in Yerevan.,user,img_avatar_bruno52,2024-11-06 00:00:00
usr_cleo53,cleo.ward53@travelapp.io,$2b$12$uevtN7YPTuanQvWScBAkz2vxZWJVnBXcbqgv3je68u93RAOLAdu8z,Cleo,Ward,+1-767-839-9849,Almaty,Mexico,Passionate traveler. Currently based in Almaty.,user,img_avatar_cleo53,2024-12-07 00:00:00
usr_dina54,dina.torres54@travelapp.io,$2b$12$OsfyIEdafZMDgmN8DhWD3qNyxxlcBqZIjRfPYzUodyG7Q6Josy0cJ,Dina,Torres,+1-729-919-3415,Tashkent,Netherlands,Passionate traveler. Currently based in Tashkent.,user,img_avatar_dina54,2024-10-31 00:00:00
